images/P00001_10172,720,1280,1041,281,1185,645,p00001,0
images/P00001_10206,720,1280,991,251,1091,539,p00001,0
images/P00001_10252,720,1280,754,237,852,493,p00001,0
images/P00001_10282,720,1280,511,229,647,525,p00001,0
images/P00001_10339,720,1280,183,247,317,533,p00001,0
images/P00001_10375,720,1280,185,285,331,621,p00001,0
images/P00001_10402,720,1280,137,303,323,719,p00001,0
images/P00001_10435,720,1280,203,327,431,720,p00001,0
images/P00001_10617,720,1280,613,237,729,527,p00001,0
images/P00001_10643,720,1280,389,235,531,527,p00001,0
images/P00001_10661,720,1280,355,251,481,557,p00001,0
images/P00001_10678,720,1280,329,267,455,610,p00001,0
images/P00001_10689,720,1280,286,273,453,653,p00001,0
images/P00001_10691,720,1280,406,304,619,720,p00001,0
images/P00001_10745,720,1280,972,285,1104,645,p00001,0
images/P00001_10748,720,1280,731,257,851,588,p00001,0
images/P00001_10777,720,1280,506,251,637,526,p00001,0
images/P00001_10817,720,1280,357,248,457,523,p00001,0
images/P00001_10831,720,1280,325,258,450,567,p00001,0
images/P00001_10867,720,1280,247,308,410,700,p00001,0
images/P00001_10890,720,1280,370,308,522,720,p00001,0
images/P00001_10901,720,1280,461,300,619,673,p00001,0
images/P00001_10911,720,1280,570,283,711,646,p00001,0
images/P00001_10912,720,1280,712,245,849,573,p00001,0
images/P00001_10913,720,1280,821,228,947,512,p00001,0
images/P00002_10052,720,1280,283,258,414,680,p00002,1
images/P00002_10079,720,1280,322,242,432,606,p00002,1
images/P00002_10108,720,1280,375,222,462,528,p00002,1
images/P00002_10122,720,1280,468,210,538,494,p00002,1
images/P00002_10140,720,1280,650,210,715,490,p00002,1
images/P00002_10151,720,1280,739,213,843,485,p00002,1
images/P00002_10164,720,1280,846,216,940,493,p00002,1
images/P00002_10223,720,1280,1087,274,1219,718,p00002,1
images/P00002_10381,720,1280,900,222,987,512,p00002,1
images/P00002_10404,720,1280,1006,237,1102,586,p00002,1
images/P00002_10424,720,1280,1031,268,1156,720,p00002,1
images/P00002_10434,720,1280,951,249,1080,678,p00002,1
images/P00002_10443,720,1280,858,242,958,636,p00002,1
images/P00002_10452,720,1280,750,232,854,608,p00002,1
images/P00002_10482,720,1280,531,214,634,516,p00002,1
images/P00002_10548,720,1280,376,230,478,532,p00002,1
images/P00002_10571,720,1280,322,244,430,618,p00002,1
images/P00002_10647,720,1280,732,232,834,577,p00002,1
images/P00002_10677,720,1280,846,210,923,488,p00002,1
images/P00002_10736,720,1280,528,234,635,596,p00002,1
images/P00002_10744,720,1280,583,240,720,608,p00002,1
images/P00003_10084,720,1280,352,270,468,592,p00003,2
images/P00003_10097,720,1280,470,270,544,592,p00003,2
images/P00003_10110,720,1280,564,273,684,592,p00003,2
images/P00003_10117,720,1280,627,270,698,593,p00003,2
images/P00003_10126,720,1280,664,273,767,586,p00003,2
images/P00003_10138,720,1280,755,272,838,585,p00003,2
images/P00003_10147,720,1280,796,274,911,582,p00003,2
images/P00003_10169,720,1280,919,278,1019,600,p00003,2
images/P00003_10190,720,1280,964,294,1072,648,p00003,2
images/P00003_10219,720,1280,1046,318,1173,720,p00003,2
images/P00003_10232,720,1280,1074,329,1220,720,p00003,2
images/P00003_10459,720,1280,894,276,972,584,p00003,2
images/P00003_10514,720,1280,1006,309,1123,694,p00003,2
images/P00003_10593,720,1280,738,306,856,714,p00003,2
images/P00003_10597,720,1280,455,288,574,648,p00003,2
images/P00003_10612,720,1280,370,282,478,632,p00003,2
images/P00003_10654,720,1280,250,272,327,596,p00003,2
images/P00003_10737,720,1280,300,254,388,521,p00003,2
images/P00003_10788,720,1280,812,325,930,720,p00003,2
images/P00003_10896,720,1280,607,272,734,605,p00003,2
images/P00003_10915,720,1280,702,260,800,537,p00003,2
images/P00003_10927,720,1280,747,253,855,522,p00003,2
images/P00003_10976,720,1280,763,261,880,530,p00003,2
images/P00003_11012,720,1280,619,272,735,597,p00003,2
images/P00003_11021,720,1280,550,278,703,625,p00003,2
images/P00003_11031,720,1280,520,284,664,645,p00003,2
images/P00003_11046,720,1280,474,293,660,680,p00003,2
images/P00003_11055,720,1280,451,296,627,709,p00003,2
images/P00003_11066,720,1280,439,300,654,708,p00003,2
images/P00004_10047,720,1280,971,336,1098,720,p00004,3
images/P00004_10069,720,1280,983,314,1123,706,p00004,3
images/P00004_10080,720,1280,946,302,1058,637,p00004,3
images/P00004_10092,720,1280,891,282,1006,584,p00004,3
images/P00004_10102,720,1280,858,272,963,554,p00004,3
images/P00004_10111,720,1280,847,266,939,528,p00004,3
images/P00004_10145,720,1280,752,261,835,504,p00004,3
images/P00004_10158,720,1280,602,261,708,509,p00004,3
images/P00004_10165,720,1280,559,257,626,514,p00004,3
images/P00004_10173,720,1280,467,256,550,518,p00004,3
images/P00004_10181,720,1280,400,261,491,513,p00004,3
images/P00004_10198,720,1280,290,265,379,524,p00004,3
images/P00004_10215,720,1280,266,268,364,542,p00004,3
images/P00004_10255,720,1280,158,328,295,720,p00004,3
images/P00004_10297,720,1280,264,313,414,712,p00004,3
images/P00004_10307,720,1280,382,302,527,657,p00004,3
images/P00004_10313,720,1280,440,292,572,634,p00004,3
images/P00004_10332,720,1280,608,274,736,578,p00004,3
images/P00004_10412,720,1280,532,260,632,509,p00004,3
images/P00004_10453,720,1280,296,262,387,513,p00004,3
images/P00004_10478,720,1280,406,270,526,541,p00004,3
images/P00004_10491,720,1280,523,278,630,582,p00004,3
images/P00004_10507,720,1280,663,297,816,633,p00004,3
images/P00004_10519,720,1280,808,304,948,653,p00004,3
images/P00004_10531,720,1280,939,329,1088,700,p00004,3
images/P00004_10578,720,1280,842,320,982,706,p00004,3
images/P00004_10658,720,1280,614,261,684,522,p00004,3
images/P00004_10679,720,1280,746,272,855,549,p00004,3
images/P00004_10690,720,1280,768,282,876,594,p00004,3
images/P00004_10708,720,1280,668,293,792,630,p00004,3
images/P00004_10733,720,1280,491,306,644,685,p00004,3
images/P00004_10743,720,1280,458,322,608,717,p00004,3
images/P00004_10781,720,1280,762,313,902,692,p00004,3
images/P00004_10792,720,1280,788,300,924,654,p00004,3
images/P00004_10850,720,1280,530,257,631,509,p00004,3
images/P00005_10031,720,1280,174,268,319,709,p00005,4
images/P00005_10046,720,1280,212,249,347,618,p00005,4
images/P00005_10064,720,1280,250,240,368,556,p00005,4
images/P00005_10083,720,1280,268,232,382,514,p00005,4
images/P00005_10107,720,1280,351,236,491,537,p00005,4
images/P00005_10120,720,1280,420,244,543,561,p00005,4
images/P00005_10138,720,1280,547,258,686,608,p00005,4
images/P00005_10149,720,1280,643,258,772,641,p00005,4
images/P00005_10159,720,1280,732,266,871,660,p00005,4
images/P00005_10171,720,1280,884,274,999,684,p00005,4
images/P00005_10186,720,1280,979,278,1151,714,p00005,4
images/P00005_10212,720,1280,950,264,1088,649,p00005,4
images/P00005_10257,720,1280,819,234,915,509,p00005,4
images/P00005_10272,720,1280,732,233,859,512,p00005,4
images/P00005_10286,720,1280,642,236,779,538,p00005,4
images/P00005_10301,720,1280,562,241,682,569,p00005,4
images/P00005_10309,720,1280,492,244,631,604,p00005,4
images/P00005_10321,720,1280,372,254,538,641,p00005,4
images/P00005_10328,720,1280,343,261,482,678,p00005,4
images/P00005_10339,720,1280,207,270,384,720,p00005,4
images/P00005_10386,720,1280,298,270,444,720,p00005,4
images/P00005_10407,720,1280,392,280,582,717,p00005,4
images/P00005_10426,720,1280,732,285,957,720,p00005,4
images/P00005_10438,720,1280,934,280,1113,720,p00005,4
images/P00005_10452,720,1280,960,272,1104,664,p00005,4
images/P00005_10461,720,1280,931,262,1044,621,p00005,4
images/P00005_10507,720,1280,614,232,715,504,p00005,4
images/P00005_10562,720,1280,207,245,348,585,p00005,4
images/P00005_10665,720,1280,764,254,912,634,p00005,4
images/P00005_10678,720,1280,576,257,924,641,p00005,4
images/P00005_10685,720,1280,636,252,764,634,p00005,4
images/P00005_10696,720,1280,540,202,830,609,p00005,4
images/P00005_10711,720,1280,475,249,723,616,p00005,4
images/P00005_10726,720,1280,583,253,738,634,p00005,4
images/P00005_10740,720,1280,556,252,695,646,p00005,4
images/P00005_10750,720,1280,578,252,722,630,p00005,4
images/P00005_10786,720,1280,435,249,544,585,p00005,4
images/P00006_10015,720,1280,237,266,338,586,p00006,5
images/P00006_10022,720,1280,265,258,352,549,p00006,5
images/P00006_10037,720,1280,315,248,399,510,p00006,5
images/P00006_10052,720,1280,431,261,544,548,p00006,5
images/P00006_10061,720,1280,506,274,646,571,p00006,5
images/P00006_10075,720,1280,716,281,845,618,p00006,5
images/P00006_10086,720,1280,832,302,992,682,p00006,5
images/P00006_10097,720,1280,996,307,1095,671,p00006,5
images/P00006_10115,720,1280,946,281,1045,608,p00006,5
images/P00006_10125,720,1280,906,265,991,573,p00006,5
images/P00006_10134,720,1280,866,256,966,533,p00006,5
images/P00006_10146,720,1280,825,254,904,503,p00006,5
images/P00006_10161,720,1280,725,253,831,508,p00006,5
images/P00006_10173,720,1280,658,254,752,527,p00006,5
images/P00006_10182,720,1280,577,261,704,553,p00006,5
images/P00006_10193,720,1280,533,270,637,599,p00006,5
images/P00006_10205,720,1280,441,283,552,657,p00006,5
images/P00006_10212,720,1280,354,296,513,689,p00006,5
images/P00006_10314,720,1280,511,246,611,514,p00006,5
images/P00006_10323,720,1280,633,252,732,511,p00006,5
images/P00006_10332,720,1280,712,250,802,503,p00006,5
images/P00006_10415,720,1280,858,311,1004,720,p00006,5
images/P00006_10515,720,1280,477,273,584,596,p00006,5
images/P00006_10530,720,1280,637,274,804,586,p00006,5
images/P00006_10543,720,1280,786,266,881,564,p00006,5
images/P00006_10567,720,1280,707,256,802,521,p00006,5
images/P00006_10583,720,1280,579,253,706,529,p00006,5
images/P00006_10599,720,1280,441,252,569,533,p00006,5
images/P00006_10619,720,1280,362,260,474,561,p00006,5
images/P00006_10655,720,1280,304,279,462,636,p00006,5
images/P00006_10670,720,1280,470,279,620,645,p00006,5
images/P00006_10824,720,1280,316,257,433,531,p00006,5
images/P00006_10856,720,1280,577,258,683,565,p00006,5
images/P00007_10028,720,1280,217,287,320,623,p00007,6
images/P00007_10041,720,1280,249,270,349,564,p00007,6
images/P00007_10055,720,1280,277,260,377,527,p00007,6
images/P00007_10074,720,1280,386,261,492,524,p00007,6
images/P00007_10084,720,1280,449,262,534,552,p00007,6
images/P00007_10140,720,1280,938,332,1082,720,p00007,6
images/P00007_10167,720,1280,1012,312,1127,683,p00007,6
images/P00007_10224,720,1280,815,260,884,500,p00007,6
images/P00007_10235,720,1280,770,260,856,510,p00007,6
images/P00007_10253,720,1280,692,266,781,543,p00007,6
images/P00007_10268,720,1280,594,274,703,570,p00007,6
images/P00007_10276,720,1280,533,281,673,602,p00007,6
images/P00007_10337,720,1280,183,310,303,690,p00007,6
images/P00007_10356,720,1280,213,283,317,608,p00007,6
images/P00007_10398,720,1280,315,260,420,519,p00007,6
images/P00007_10420,720,1280,544,257,624,519,p00007,6
images/P00007_10467,720,1280,820,261,908,521,p00007,6
images/P00007_10489,720,1280,748,265,852,540,p00007,6
images/P00007_10553,720,1280,957,296,1063,649,p00007,6
images/P00007_10568,720,1280,1013,316,1133,708,p00007,6
images/P00007_10662,720,1280,165,315,283,711,p00007,6
images/P00007_10739,720,1280,491,260,606,516,p00007,6
images/P00007_10753,720,1280,633,258,695,521,p00007,6
images/P00007_10773,720,1280,791,264,878,519,p00007,6
images/P00007_10793,720,1280,870,269,957,561,p00007,6
images/P00007_10840,720,1280,753,277,842,582,p00007,6
images/P00007_10860,720,1280,594,283,686,625,p00007,6
images/P00007_10878,720,1280,395,302,490,671,p00007,6
images/P00007_10899,720,1280,211,318,340,720,p00007,6
images/P00007_10926,720,1280,303,332,409,719,p00007,6
images/P00007_11049,720,1280,395,265,488,544,p00007,6
images/P00007_11127,720,1280,649,258,741,521,p00007,6
images/P00007_11187,720,1280,811,268,895,532,p00007,6
images/P00007_11238,720,1280,375,299,487,671,p00007,6
images/P00007_11251,720,1280,228,316,380,720,p00007,6
images/P00007_11369,720,1280,816,295,927,639,p00007,6
images/P00007_11397,720,1280,537,277,659,593,p00007,6
images/P00007_11411,720,1280,408,270,508,575,p00007,6
images/P00007_11456,720,1280,500,257,583,531,p00007,6
images/P00007_11497,720,1280,694,260,778,528,p00007,6
images/P00007_11522,720,1280,779,283,884,598,p00007,6
images/P00008_10023,720,1280,1019,336,1129,710,p00008,7
images/P00008_10040,720,1280,937,306,1033,627,p00008,7
images/P00008_10091,720,1280,694,266,782,506,p00008,7
images/P00008_10103,720,1280,583,265,658,512,p00008,7
images/P00008_10125,720,1280,377,268,482,524,p00008,7
images/P00008_10137,720,1280,299,275,395,539,p00008,7
images/P00008_10151,720,1280,257,291,342,598,p00008,7
images/P00008_10163,720,1280,232,302,329,635,p00008,7
images/P00008_10171,720,1280,196,318,313,670,p00008,7
images/P00008_10183,720,1280,171,335,283,719,p00008,7
images/P00008_10221,720,1280,986,344,1130,720,p00008,7
images/P00008_10236,720,1280,798,323,936,682,p00008,7
images/P00008_10246,720,1280,684,311,833,649,p00008,7
images/P00008_10254,720,1280,613,302,740,625,p00008,7
images/P00008_10264,720,1280,528,289,657,595,p00008,7
images/P00008_10272,720,1280,466,286,571,575,p00008,7
images/P00008_10285,720,1280,367,274,463,544,p00008,7
images/P00008_10307,720,1280,308,268,399,519,p00008,7
images/P00008_10335,720,1280,270,283,373,578,p00008,7
images/P00008_10354,720,1280,232,308,336,653,p00008,7
images/P00008_10369,720,1280,175,323,301,720,p00008,7
images/P00008_10393,720,1280,236,328,353,716,p00008,7
images/P00008_10407,720,1280,378,319,517,686,p00008,7
images/P00008_10422,720,1280,540,299,665,629,p00008,7
images/P00008_10463,720,1280,817,270,894,518,p00008,7
images/P00008_10486,720,1280,827,268,904,516,p00008,7
images/P00008_10505,720,1280,842,279,931,550,p00008,7
images/P00008_10550,720,1280,633,306,756,650,p00008,7
images/P00008_10565,720,1280,496,293,603,602,p00008,7
images/P00008_10577,720,1280,416,290,520,581,p00008,7
images/P00008_10587,720,1280,325,289,419,585,p00008,7
images/P00008_10611,720,1280,309,312,416,675,p00008,7
images/P00008_10621,720,1280,403,321,517,703,p00008,7
images/P00008_10632,720,1280,563,329,674,714,p00008,7
images/P00008_10645,720,1280,704,340,882,720,p00008,7
images/P00008_10657,720,1280,908,339,1012,720,p00008,7
images/P00008_10671,720,1280,1023,343,1130,720,p00008,7
images/P00008_10713,720,1280,881,320,991,675,p00008,7
images/P00008_10730,720,1280,749,299,837,607,p00008,7
images/P00008_10748,720,1280,592,278,681,573,p00008,7
images/P00008_10769,720,1280,417,294,512,610,p00008,7
images/P00009_10000,720,1280,1034,335,1150,711,p00009,8
images/P00009_10058,720,1280,831,271,899,508,p00009,8
images/P00009_10070,720,1280,708,265,811,503,p00009,8
images/P00009_10120,720,1280,323,275,399,524,p00009,8
images/P00009_10132,720,1280,262,274,363,549,p00009,8
images/P00009_10146,720,1280,240,290,334,589,p00009,8
images/P00009_10164,720,1280,191,311,302,654,p00009,8
images/P00009_10175,720,1280,167,323,295,698,p00009,8
images/P00009_10187,720,1280,209,333,370,720,p00009,8
images/P00009_10195,720,1280,317,336,474,720,p00009,8
images/P00009_10232,720,1280,857,348,1018,720,p00009,8
images/P00009_10238,720,1280,986,350,1119,720,p00009,8
images/P00009_10249,720,1280,1020,341,1144,720,p00009,8
images/P00009_10262,720,1280,941,327,1053,696,p00009,8
images/P00009_10270,720,1280,857,319,966,662,p00009,8
images/P00009_10278,720,1280,753,308,882,646,p00009,8
images/P00009_10283,720,1280,692,303,808,636,p00009,8
images/P00009_10291,720,1280,608,296,728,611,p00009,8
images/P00009_10303,720,1280,550,287,640,587,p00009,8
images/P00009_10317,720,1280,454,275,542,552,p00009,8
images/P00009_10331,720,1280,386,274,474,523,p00009,8
images/P00009_10341,720,1280,323,273,400,514,p00009,8
images/P00009_10359,720,1280,271,279,354,557,p00009,8
images/P00009_10373,720,1280,246,293,337,603,p00009,8
images/P00009_10387,720,1280,204,307,313,657,p00009,8
images/P00009_10400,720,1280,162,323,291,703,p00009,8
images/P00009_10415,720,1280,182,331,283,716,p00009,8
images/P00009_10428,720,1280,271,323,382,704,p00009,8
images/P00009_10439,720,1280,374,311,499,673,p00009,8
images/P00009_10451,720,1280,462,298,578,623,p00009,8
images/P00009_10467,720,1280,581,282,686,573,p00009,8
images/P00009_10485,720,1280,690,274,784,535,p00009,8
images/P00009_10498,720,1280,769,268,842,512,p00009,8
images/P00009_10527,720,1280,833,269,904,507,p00009,8
images/P00009_10548,720,1280,745,265,817,514,p00009,8
images/P00009_10564,720,1280,629,275,712,541,p00009,8
images/P00009_10577,720,1280,544,277,623,556,p00009,8
images/P00009_10590,720,1280,434,290,548,593,p00009,8
images/P00009_10603,720,1280,327,303,419,628,p00009,8
images/P00010_10002,720,1280,1009,348,1132,706,p00010,9
images/P00010_10018,720,1280,948,318,1052,640,p00010,9
images/P00010_10032,720,1280,891,299,982,573,p00010,9
images/P00010_10042,720,1280,856,282,931,533,p00010,9
images/P00010_10058,720,1280,750,279,837,512,p00010,9
images/P00010_10069,720,1280,624,275,691,518,p00010,9
images/P00010_10080,720,1280,463,282,588,521,p00010,9
images/P00010_10093,720,1280,358,283,449,531,p00010,9
images/P00010_10102,720,1280,292,290,373,549,p00010,9
images/P00010_10124,720,1280,209,324,319,656,p00010,9
images/P00010_10137,720,1280,161,341,269,706,p00010,9
images/P00010_10223,720,1280,882,354,1034,718,p00010,9
images/P00010_10236,720,1280,723,333,846,673,p00010,9
images/P00010_10246,720,1280,600,310,686,633,p00010,9
images/P00010_10253,720,1280,544,307,619,610,p00010,9
images/P00010_10264,720,1280,456,306,549,585,p00010,9
images/P00010_10282,720,1280,362,287,438,545,p00010,9
images/P00010_10290,720,1280,331,287,387,540,p00010,9
images/P00010_10307,720,1280,283,287,363,552,p00010,9
images/P00010_10326,720,1280,257,302,358,611,p00010,9
images/P00010_10344,720,1280,213,327,328,675,p00010,9
images/P00010_10408,720,1280,315,345,438,720,p00010,9
images/P00010_10419,720,1280,386,329,488,683,p00010,9
images/P00010_10449,720,1280,588,299,671,596,p00010,9
images/P00010_10467,720,1280,677,290,761,560,p00010,9
images/P00010_10486,720,1280,766,285,853,533,p00010,9
images/P00010_10500,720,1280,802,281,873,514,p00010,9
images/P00010_10518,720,1280,748,277,838,503,p00010,9
images/P00010_10534,720,1280,658,275,757,512,p00010,9
images/P00010_10551,720,1280,511,279,623,521,p00010,9
images/P00010_10596,720,1280,373,315,479,640,p00010,9
images/P00010_10608,720,1280,388,329,516,700,p00010,9
images/P00010_10618,720,1280,446,337,549,711,p00010,9
images/P00010_10623,720,1280,463,345,623,712,p00010,9
images/P00010_10656,720,1280,788,335,928,661,p00010,9
images/P00010_10667,720,1280,903,340,1027,691,p00010,9
images/P00010_10715,720,1280,677,335,792,698,p00010,9
images/P00010_10756,720,1280,732,289,838,561,p00010,9
images/P00011_10028,720,1280,194,278,303,675,p00011,10
images/P00011_10099,720,1280,1019,294,1156,696,p00011,10
images/P00011_10109,720,1280,981,277,1094,643,p00011,10
images/P00011_10118,720,1280,934,268,1031,604,p00011,10
images/P00011_10131,720,1280,786,256,920,583,p00011,10
images/P00011_10138,720,1280,769,250,848,582,p00011,10
images/P00011_10166,720,1280,449,254,567,583,p00011,10
images/P00011_10178,720,1280,311,253,417,586,p00011,10
images/P00011_10185,720,1280,269,256,386,608,p00011,10
images/P00011_10195,720,1280,224,264,344,646,p00011,10
images/P00011_10209,720,1280,186,278,325,693,p00011,10
images/P00011_10279,720,1280,1013,287,1131,696,p00011,10
images/P00011_10292,720,1280,959,269,1079,639,p00011,10
images/P00011_10318,720,1280,862,246,940,532,p00011,10
images/P00011_10350,720,1280,554,240,665,515,p00011,10
images/P00011_10370,720,1280,338,244,452,520,p00011,10
images/P00011_10465,720,1280,317,287,490,720,p00011,10
images/P00011_10475,720,1280,462,274,594,670,p00011,10
images/P00011_10490,720,1280,616,262,748,621,p00011,10
images/P00011_10503,720,1280,715,249,811,553,p00011,10
images/P00011_10514,720,1280,777,246,859,525,p00011,10
images/P00011_10535,720,1280,861,246,946,531,p00011,10
images/P00011_10555,720,1280,921,261,1029,611,p00011,10
images/P00011_10573,720,1280,1025,286,1152,700,p00011,10
images/P00011_10607,720,1280,816,273,944,674,p00011,10
images/P00011_10620,720,1280,602,266,763,637,p00011,10
images/P00011_10630,720,1280,512,256,641,604,p00011,10
images/P00011_10642,720,1280,413,249,513,552,p00011,10
images/P00011_10680,720,1280,291,237,374,512,p00011,10
images/P00011_10735,720,1280,292,261,406,596,p00011,10
images/P00011_10758,720,1280,366,278,477,685,p00011,10
images/P00011_10772,720,1280,483,274,594,650,p00011,10
images/P00011_10786,720,1280,662,266,766,648,p00011,10
images/P00011_10795,720,1280,791,269,908,644,p00011,10
images/P00012_10000,720,1280,227,279,324,612,p00012,11
images/P00012_10015,720,1280,179,296,282,686,p00012,11
images/P00012_10092,720,1280,1038,315,1144,698,p00012,11
images/P00012_10101,720,1280,991,296,1095,653,p00012,11
images/P00012_10112,720,1280,940,283,1038,612,p00012,11
images/P00012_10127,720,1280,886,266,969,558,p00012,11
images/P00012_10143,720,1280,813,266,915,523,p00012,11
images/P00012_10161,720,1280,640,258,756,521,p00012,11
images/P00012_10174,720,1280,516,254,588,521,p00012,11
images/P00012_10190,720,1280,359,254,453,515,p00012,11
images/P00012_10341,720,1280,1034,314,1141,696,p00012,11
images/P00012_10353,720,1280,973,293,1074,639,p00012,11
images/P00012_10376,720,1280,813,283,938,577,p00012,11
images/P00012_10461,720,1280,575,258,649,528,p00012,11
images/P00012_10475,720,1280,421,261,531,524,p00012,11
images/P00012_10490,720,1280,290,257,398,535,p00012,11
images/P00012_10510,720,1280,250,273,353,596,p00012,11
images/P00012_10530,720,1280,181,296,300,682,p00012,11
images/P00012_10683,720,1280,803,264,883,529,p00012,11
images/P00012_10693,720,1280,742,266,844,561,p00012,11
images/P00012_10708,720,1280,642,274,738,606,p00012,11
images/P00012_10721,720,1280,509,291,638,660,p00012,11
images/P00012_10788,720,1280,225,278,321,607,p00012,11
images/P00012_10809,720,1280,266,261,341,536,p00012,11
images/P00012_10828,720,1280,346,253,442,537,p00012,11
images/P00012_10843,720,1280,450,268,552,571,p00012,11
images/P00012_10857,720,1280,567,273,652,606,p00012,11
images/P00012_11011,720,1280,523,308,641,711,p00012,11
images/P00012_11022,720,1280,423,303,549,695,p00012,11
images/P00012_11037,720,1280,287,299,407,678,p00012,11
images/P00012_11067,720,1280,261,279,350,621,p00012,11
images/P00012_11114,720,1280,427,286,537,636,p00012,11
images/P00012_11133,720,1280,427,299,550,687,p00012,11
images/P00012_11146,720,1280,499,306,666,711,p00012,11
images/P00012_11176,720,1280,779,299,908,694,p00012,11
images/P00012_11197,720,1280,753,287,832,631,p00012,11
images/P00012_11215,720,1280,634,279,738,616,p00012,11
images/P00013_10028,720,1280,250,254,366,548,p00013,12
images/P00013_10046,720,1280,235,266,347,613,p00013,12
images/P00013_10052,720,1280,202,268,331,622,p00013,12
images/P00013_10071,720,1280,147,294,298,688,p00013,12
images/P00013_10156,720,1280,1036,308,1175,720,p00013,12
images/P00013_10170,720,1280,966,290,1094,661,p00013,12
images/P00013_10179,720,1280,915,274,1064,626,p00013,12
images/P00013_10215,720,1280,800,252,915,524,p00013,12
images/P00013_10228,720,1280,672,245,754,520,p00013,12
images/P00013_10237,720,1280,582,249,659,524,p00013,12
images/P00013_10245,720,1280,498,245,599,524,p00013,12
images/P00013_10257,720,1280,387,249,455,529,p00013,12
images/P00013_10269,720,1280,284,250,404,544,p00013,12
images/P00013_10283,720,1280,248,264,356,596,p00013,12
images/P00013_10295,720,1280,224,274,350,633,p00013,12
images/P00013_10308,720,1280,168,292,316,706,p00013,12
images/P00013_10430,720,1280,842,256,935,530,p00013,12
images/P00013_10445,720,1280,666,249,807,516,p00013,12
images/P00013_10465,720,1280,471,250,607,520,p00013,12
images/P00013_10478,720,1280,370,250,480,522,p00013,12
images/P00013_10508,720,1280,450,256,544,577,p00013,12
images/P00013_10546,720,1280,884,296,1019,682,p00013,12
images/P00013_10553,720,1280,924,313,1096,717,p00013,12
images/P00013_10614,720,1280,842,252,934,522,p00013,12
images/P00013_10628,720,1280,755,257,876,544,p00013,12
images/P00013_10637,720,1280,699,258,834,572,p00013,12
images/P00013_10667,720,1280,436,285,594,676,p00013,12
images/P00013_10674,720,1280,352,281,528,705,p00013,12
images/P00013_10747,720,1280,332,266,438,613,p00013,12
images/P00013_10809,720,1280,679,261,808,544,p00013,12
images/P00013_10821,720,1280,615,252,735,568,p00013,12
images/P00013_10831,720,1280,586,262,718,605,p00013,12
images/P00013_10845,720,1280,602,277,755,670,p00013,12
images/P00014_10000,720,1280,262,272,352,517,p00014,13
images/P00014_10014,720,1280,252,284,346,561,p00014,13
images/P00014_10030,720,1280,218,306,320,640,p00014,13
images/P00014_10039,720,1280,176,317,324,681,p00014,13
images/P00014_10049,720,1280,127,338,262,720,p00014,13
images/P00014_10139,720,1280,983,321,1095,674,p00014,13
images/P00014_10148,720,1280,938,304,1044,610,p00014,13
images/P00014_10157,720,1280,899,289,1002,573,p00014,13
images/P00014_10169,720,1280,859,281,956,540,p00014,13
images/P00014_10186,720,1280,755,270,875,504,p00014,13
images/P00014_10198,720,1280,668,264,746,502,p00014,13
images/P00014_10210,720,1280,512,265,634,513,p00014,13
images/P00014_10220,720,1280,427,276,539,521,p00014,13
images/P00014_10570,720,1280,418,338,556,720,p00014,13
images/P00014_10580,720,1280,494,328,640,693,p00014,13
images/P00014_10588,720,1280,564,310,694,657,p00014,13
images/P00014_10601,720,1280,651,288,748,590,p00014,13
images/P00014_10611,720,1280,690,281,800,562,p00014,13
images/P00014_10625,720,1280,748,276,839,516,p00014,13
images/P00014_10636,720,1280,814,269,888,500,p00014,13
images/P00014_10654,720,1280,874,281,975,538,p00014,13
images/P00014_10674,720,1280,930,302,1052,614,p00014,13
images/P00014_10690,720,1280,1010,330,1148,685,p00014,13
images/P00014_10699,720,1280,1066,349,1174,717,p00014,13
images/P00014_10760,720,1280,606,330,754,718,p00014,13
images/P00014_10769,720,1280,544,317,672,672,p00014,13
images/P00014_10782,720,1280,480,296,591,617,p00014,13
images/P00014_10796,720,1280,427,281,531,560,p00014,13
images/P00014_10969,720,1280,675,329,790,717,p00014,13
images/P00014_10983,720,1280,776,318,923,682,p00014,13
images/P00014_10999,720,1280,834,298,939,608,p00014,13
images/P00014_11056,720,1280,595,278,699,568,p00014,13
images/P00014_11070,720,1280,668,298,802,604,p00014,13
images/P00014_11083,720,1280,734,308,859,657,p00014,13
images/P00015_10028,720,1280,234,282,332,609,p00015,14
images/P00015_10043,720,1280,180,309,295,686,p00015,14
images/P00015_10055,720,1280,164,321,290,720,p00015,14
images/P00015_10113,720,1280,1006,326,1123,720,p00015,14
images/P00015_10129,720,1280,984,305,1092,650,p00015,14
images/P00015_10146,720,1280,915,280,1006,578,p00015,14
images/P00015_10157,720,1280,874,274,962,552,p00015,14
images/P00015_10179,720,1280,783,258,852,498,p00015,14
images/P00015_10190,720,1280,660,260,743,502,p00015,14
images/P00015_10198,720,1280,587,260,668,510,p00015,14
images/P00015_10208,720,1280,475,264,586,514,p00015,14
images/P00015_10218,720,1280,383,264,495,510,p00015,14
images/P00015_10229,720,1280,302,265,372,518,p00015,14
images/P00015_10241,720,1280,259,273,351,564,p00015,14
images/P00015_10252,720,1280,228,282,323,592,p00015,14
images/P00015_10278,720,1280,144,321,264,718,p00015,14
images/P00015_10329,720,1280,1010,312,1124,684,p00015,14
images/P00015_10361,720,1280,891,276,971,568,p00015,14
images/P00015_10375,720,1280,846,266,920,520,p00015,14
images/P00015_10384,720,1280,767,264,860,509,p00015,14
images/P00015_10416,720,1280,456,254,543,514,p00015,14
images/P00015_10426,720,1280,352,261,447,518,p00015,14
images/P00015_10438,720,1280,290,265,380,538,p00015,14
images/P00015_10455,720,1280,243,281,336,600,p00015,14
images/P00015_10467,720,1280,203,296,311,637,p00015,14
images/P00015_10477,720,1280,162,310,284,705,p00015,14
images/P00015_10529,720,1280,348,318,481,720,p00015,14
images/P00015_10537,720,1280,440,305,554,677,p00015,14
images/P00015_10544,720,1280,491,293,611,642,p00015,14
images/P00015_10594,720,1280,847,265,924,522,p00015,14
images/P00015_10603,720,1280,872,272,970,549,p00015,14
images/P00015_10625,720,1280,963,294,1058,628,p00015,14
images/P00015_10626,720,1280,972,332,1114,720,p00015,14
images/P00015_10635,720,1280,903,322,1002,713,p00015,14
images/P00015_10643,720,1280,787,312,900,697,p00015,14
images/P00015_10652,720,1280,692,298,788,656,p00015,14
images/P00015_10684,720,1280,444,265,526,532,p00015,14
images/P00015_10695,720,1280,368,261,452,526,p00015,14
images/P00015_10714,720,1280,288,264,371,512,p00015,14
images/P00015_10730,720,1280,267,266,351,545,p00015,14
images/P00015_10745,720,1280,292,276,392,596,p00015,14
images/P00015_10755,720,1280,375,281,463,613,p00015,14
images/P00015_10765,720,1280,476,282,564,600,p00015,14
images/P00015_10776,720,1280,554,276,651,585,p00015,14
images/P00015_10790,720,1280,627,266,710,530,p00015,14
images/P00016_10000,720,1280,268,268,376,602,p00016,15
images/P00016_10014,720,1280,230,286,358,664,p00016,15
images/P00016_10030,720,1280,162,301,302,720,p00016,15
images/P00016_10109,720,1280,1012,308,1138,702,p00016,15
images/P00016_10143,720,1280,772,253,871,508,p00016,15
images/P00016_10167,720,1280,523,253,652,513,p00016,15
images/P00016_10168,720,1280,312,252,414,526,p00016,15
images/P00016_10201,720,1280,239,278,331,642,p00016,15
images/P00016_10298,720,1280,1007,304,1115,694,p00016,15
images/P00016_10335,720,1280,856,260,943,546,p00016,15
images/P00016_10362,720,1280,648,250,775,513,p00016,15
images/P00016_10370,720,1280,571,253,694,517,p00016,15
images/P00016_10393,720,1280,379,250,467,517,p00016,15
images/P00016_10405,720,1280,306,248,419,516,p00016,15
images/P00016_10431,720,1280,394,257,488,550,p00016,15
images/P00016_10443,720,1280,508,264,627,586,p00016,15
images/P00016_10455,720,1280,610,276,738,638,p00016,15
images/P00016_10474,720,1280,870,293,979,688,p00016,15
images/P00016_10486,720,1280,978,314,1134,716,p00016,15
images/P00016_10574,720,1280,323,296,431,712,p00016,15
images/P00016_10584,720,1280,428,286,568,674,p00016,15
images/P00016_10594,720,1280,530,278,652,637,p00016,15
images/P00016_10606,720,1280,612,264,726,592,p00016,15
images/P00016_10613,720,1280,668,262,775,569,p00016,15
images/P00016_10626,720,1280,744,254,824,528,p00016,15
images/P00016_10638,720,1280,783,257,874,517,p00016,15
images/P00016_10694,720,1280,819,258,899,562,p00016,15
images/P00016_10704,720,1280,727,266,858,572,p00016,15
images/P00016_10713,720,1280,636,266,776,572,p00016,15
images/P00016_10721,720,1280,544,264,678,562,p00016,15
images/P00016_10732,720,1280,458,260,586,556,p00016,15
images/P00016_10743,720,1280,392,257,480,574,p00016,15
images/P00016_10759,720,1280,323,274,443,618,p00016,15
images/P00016_10776,720,1280,400,288,544,678,p00016,15
images/P00016_10789,720,1280,510,298,662,720,p00016,15
images/P00016_10806,720,1280,703,296,860,704,p00016,15
images/P00016_10819,720,1280,778,289,898,678,p00016,15
images/P00016_10840,720,1280,738,265,836,578,p00016,15
images/P00016_10856,720,1280,643,257,750,549,p00016,15
images/P00016_10911,720,1280,446,264,534,582,p00016,15
images/P00016_10958,720,1280,894,301,1026,708,p00016,15
images/P00017_10000,720,1280,282,254,395,518,p00017,16
images/P00017_10027,720,1280,223,273,336,604,p00017,16
images/P00017_10036,720,1280,191,286,310,648,p00017,16
images/P00017_10047,720,1280,147,302,307,720,p00017,16
images/P00017_10140,720,1280,1040,317,1184,706,p00017,16
images/P00017_10150,720,1280,990,297,1115,658,p00017,16
images/P00017_10159,720,1280,946,285,1062,613,p00017,16
images/P00017_10170,720,1280,899,274,1012,578,p00017,16
images/P00017_10183,720,1280,854,258,947,525,p00017,16
images/P00017_10199,720,1280,775,257,882,501,p00017,16
images/P00017_10209,720,1280,686,254,810,501,p00017,16
images/P00017_10221,720,1280,598,249,695,513,p00017,16
images/P00017_10256,720,1280,279,256,391,517,p00017,16
images/P00017_10268,720,1280,264,257,362,546,p00017,16
images/P00017_10288,720,1280,227,282,331,629,p00017,16
images/P00017_10302,720,1280,187,294,318,682,p00017,16
images/P00017_10403,720,1280,996,304,1152,693,p00017,16
images/P00017_10417,720,1280,942,286,1064,609,p00017,16
images/P00017_10436,720,1280,870,265,972,544,p00017,16
images/P00017_10462,720,1280,760,252,862,502,p00017,16
images/P00017_10476,720,1280,632,249,719,506,p00017,16
images/P00017_10537,720,1280,392,261,499,560,p00017,16
images/P00017_10568,720,1280,710,284,847,652,p00017,16
images/P00017_10576,720,1280,795,302,966,668,p00017,16
images/P00017_10586,720,1280,950,309,1096,718,p00017,16
images/P00017_10669,720,1280,272,309,434,720,p00017,16
images/P00017_10678,720,1280,388,297,568,678,p00017,16
images/P00017_10685,720,1280,490,284,642,658,p00017,16
images/P00017_10696,720,1280,603,273,715,600,p00017,16
images/P00017_10712,720,1280,726,264,828,552,p00017,16
images/P00017_10756,720,1280,598,245,720,512,p00017,16
images/P00017_10823,720,1280,699,268,786,585,p00017,16
images/P00017_10843,720,1280,767,285,922,658,p00017,16
images/P00017_10867,720,1280,515,297,640,689,p00017,16
images/P00017_10885,720,1280,336,276,475,621,p00017,16
images/P00017_11067,720,1280,260,284,382,650,p00017,16
images/P00017_11081,720,1280,310,296,450,708,p00017,16
images/P00017_11096,720,1280,496,289,639,670,p00017,16
images/P00017_11162,720,1280,595,246,675,516,p00017,16
images/P00018_10000.jpg,720,1280,1071,318,1192,720,p00018,17
images/P00018_10022.jpg,720,1280,1067,312,1170,720,p00018,17
images/P00018_10063.jpg,720,1280,879,262,967,545,p00018,17
images/P00018_10075.jpg,720,1280,831,252,906,514,p00018,17
images/P00018_10087.jpg,720,1280,742,250,838,501,p00018,17
images/P00018_10096.jpg,720,1280,643,246,735,500,p00018,17
images/P00018_10102.jpg,720,1280,559,254,684,513,p00018,17
images/P00018_10112.jpg,720,1280,474,244,602,516,p00018,17
images/P00018_10130.jpg,720,1280,350,249,427,517,p00018,17
images/P00018_10142.jpg,720,1280,258,253,371,536,p00018,17
images/P00018_10157.jpg,720,1280,248,262,348,584,p00018,17
images/P00018_10177.jpg,720,1280,210,281,320,646,p00018,17
images/P00018_10192.jpg,720,1280,179,294,300,693,p00018,17
images/P00018_10293.jpg,720,1280,1024,316,1159,709,p00018,17
images/P00018_10309.jpg,720,1280,956,293,1080,648,p00018,17
images/P00018_10328.jpg,720,1280,896,270,1004,584,p00018,17
images/P00018_10346.jpg,720,1280,860,260,954,536,p00018,17
images/P00018_10374.jpg,720,1280,752,252,824,504,p00018,17
images/P00018_10396.jpg,720,1280,563,245,632,516,p00018,17
images/P00018_10476.jpg,720,1280,199,277,324,634,p00018,17
images/P00018_10497.jpg,720,1280,144,298,286,720,p00018,17
images/P00018_10619.jpg,720,1280,903,306,1008,706,p00018,17
images/P00018_10636.jpg,720,1280,711,289,850,670,p00018,17
images/P00018_10649.jpg,720,1280,611,273,731,614,p00018,17
images/P00018_10664.jpg,720,1280,492,264,606,590,p00018,17
images/P00018_10683.jpg,720,1280,403,254,483,542,p00018,17
images/P00018_10709.jpg,720,1280,331,245,412,513,p00018,17
images/P00018_10732.jpg,720,1280,463,245,582,521,p00018,17
images/P00018_10753.jpg,720,1280,632,250,747,514,p00018,17
images/P00018_10797.jpg,720,1280,830,250,912,514,p00018,17
images/P00018_10826.jpg,720,1280,700,264,802,573,p00018,17
images/P00018_10856.jpg,720,1280,508,285,630,664,p00018,17
images/P00018_10875.jpg,720,1280,326,297,475,704,p00018,17
images/P00018_10883.jpg,720,1280,274,304,405,720,p00018,17
images/P00018_11025.jpg,720,1280,566,302,760,708,p00018,17
images/P00018_11039.jpg,720,1280,434,297,600,706,p00018,17
images/P00018_11063.jpg,720,1280,242,289,383,684,p00018,17
images/P00018_11087.jpg,720,1280,375,285,538,660,p00018,17
images/P00018_11103.jpg,720,1280,579,282,708,650,p00018,17
images/P00018_11122.jpg,720,1280,776,281,880,640,p00018,17
images/P00018_11163.jpg,720,1280,858,280,964,606,p00018,17
images/P00018_11182.jpg,720,1280,639,277,800,605,p00018,17
images/P00018_11202.jpg,720,1280,438,270,586,606,p00018,17
images/P00018_11234.jpg,720,1280,271,264,360,596,p00018,17
images/P00018_11293.jpg,720,1280,716,264,818,554,p00018,17
images/P00018_11339.jpg,720,1280,707,258,823,528,p00018,17
images/P00018_11365.jpg,720,1280,508,253,636,532,p00018,17
images/P00019_10028.jpg,720,1280,247,252,354,557,p00019,18
images/P00019_10048.jpg,720,1280,463,246,578,546,p00019,18
images/P00019_10128.jpg,720,1280,778,256,900,544,p00019,18
images/P00019_10159.jpg,720,1280,918,265,1014,590,p00019,18
images/P00019_10195.jpg,720,1280,1076,308,1199,718,p00019,18
images/P00019_10334.jpg,720,1280,251,254,335,578,p00019,18
images/P00019_10359.jpg,720,1280,351,254,492,566,p00019,18
images/P00019_10413.jpg,720,1280,784,257,906,558,p00019,18
images/P00019_10487.jpg,720,1280,1046,300,1166,720,p00019,18
images/P00019_10722.jpg,720,1280,142,286,280,716,p00019,18
images/P00019_10754.jpg,720,1280,215,260,319,612,p00019,18
images/P00019_10788.jpg,720,1280,375,256,524,572,p00019,18
images/P00019_10801.jpg,720,1280,482,256,631,574,p00019,18
images/P00019_10819.jpg,720,1280,678,254,822,566,p00019,18
images/P00019_10821.jpg,720,1280,675,254,824,569,p00019,18
images/P00019_10858.jpg,720,1280,904,266,1003,585,p00019,18
images/P00019_10884.jpg,720,1280,988,286,1100,674,p00019,18
images/P00019_10888.jpg,720,1280,999,293,1119,700,p00019,18
images/P00019_11028.jpg,720,1280,416,293,595,717,p00019,18
images/P00019_11033.jpg,720,1280,468,281,607,689,p00019,18
images/P00019_11040.jpg,720,1280,542,280,682,684,p00019,18
images/P00019_11056.jpg,720,1280,704,265,819,626,p00019,18
images/P00019_11061.jpg,720,1280,736,268,850,620,p00019,18
images/P00019_11076.jpg,720,1280,838,266,936,582,p00019,18
images/P00019_11129.jpg,720,1280,600,252,746,556,p00019,18
images/P00019_11218.jpg,720,1280,514,262,620,624,p00019,18
images/P00019_11233.jpg,720,1280,634,280,795,673,p00019,18
images/P00019_11248.jpg,720,1280,814,286,938,690,p00019,18
images/P00019_11252.jpg,720,1280,848,293,1024,705,p00019,18
images/P00019_11516.jpg,720,1280,414,288,541,720,p00019,18
images/P00019_11564.jpg,720,1280,971,306,1106,713,p00019,18
images/P00019_11590.jpg,720,1280,890,273,1010,633,p00019,18
images/P00019_11644.jpg,720,1280,794,273,906,620,p00019,18
images/P00019_11663.jpg,720,1280,875,288,998,700,p00019,18
images/P00019_11757.jpg,720,1280,352,285,519,713,p00019,18
images/P00019_11774.jpg,720,1280,582,286,779,702,p00019,18
images/P00020_10000.jpg,720,1280,852,270,938,561,p00020,19
images/P00020_10037.jpg,720,1280,787,293,910,616,p00020,19
images/P00020_10051.jpg,720,1280,576,290,724,629,p00020,19
images/P00020_10062.jpg,720,1280,450,286,596,625,p00020,19
images/P00020_10076.jpg,720,1280,376,282,503,594,p00020,19
images/P00020_10096.jpg,720,1280,408,265,495,545,p00020,19
images/P00020_10115.jpg,720,1280,558,258,639,516,p00020,19
images/P00020_10134.jpg,720,1280,726,264,824,528,p00020,19
images/P00020_10149.jpg,720,1280,827,277,923,572,p00020,19
images/P00020_10165.jpg,720,1280,860,290,968,617,p00020,19
images/P00020_10189.jpg,720,1280,747,294,836,646,p00020,19
images/P00020_10215.jpg,720,1280,610,297,715,660,p00020,19
images/P00020_10228.jpg,720,1280,467,305,614,669,p00020,19
images/P00020_10245.jpg,720,1280,328,288,460,634,p00020,19
images/P00020_10257.jpg,720,1280,334,280,440,596,p00020,19
images/P00020_10267.jpg,720,1280,363,274,471,562,p00020,19
images/P00020_10280.jpg,720,1280,503,260,575,534,p00020,19
images/P00020_10296.jpg,720,1280,624,262,724,529,p00020,19
images/P00020_10313.jpg,720,1280,768,276,876,560,p00020,19
images/P00020_10332.jpg,720,1280,886,286,990,617,p00020,19
images/P00020_10352.jpg,720,1280,904,313,1026,693,p00020,19
images/P00020_10371.jpg,720,1280,711,317,843,718,p00020,19
images/P00020_10383.jpg,720,1280,502,318,641,720,p00020,19
images/P00020_10420.jpg,720,1280,287,288,391,620,p00020,19
images/P00020_10489.jpg,720,1280,726,261,823,532,p00020,19
images/P00020_10514.jpg,720,1280,620,274,732,565,p00020,19
images/P00020_10525.jpg,720,1280,551,280,644,598,p00020,19
images/P00020_10532.jpg,720,1280,479,289,598,613,p00020,19
images/P00020_10560.jpg,720,1280,254,314,378,706,p00020,19
images/P00020_10568.jpg,720,1280,222,328,350,720,p00020,19
images/P00020_10632.jpg,720,1280,898,322,1026,720,p00020,19
images/P00020_10640.jpg,720,1280,842,310,962,696,p00020,19
images/P00020_10673.jpg,720,1280,522,286,658,605,p00020,19
images/P00020_10691.jpg,720,1280,398,272,510,569,p00020,19
images/P00020_10712.jpg,720,1280,399,265,484,533,p00020,19
images/P00020_10728.jpg,720,1280,518,260,588,521,p00020,19
images/P00020_10753.jpg,720,1280,676,266,764,541,p00020,19
images/P00020_10769.jpg,720,1280,656,272,763,573,p00020,19
images/P00020_10784.jpg,720,1280,550,278,672,592,p00020,19
images/P00020_10799.jpg,720,1280,384,289,523,614,p00020,19
images/P00020_10820.jpg,720,1280,288,317,419,710,p00020,19
images/P00020_10872.jpg,720,1280,895,313,1010,701,p00020,19
images/P00021_10068.jpg,720,1280,187,297,318,694,p00021,20
images/P00021_10082.jpg,720,1280,218,290,335,642,p00021,20
images/P00021_10096.jpg,720,1280,314,274,399,602,p00021,20
images/P00021_10106.jpg,720,1280,404,278,502,598,p00021,20
images/P00021_10141.jpg,720,1280,402,272,518,608,p00021,20
images/P00021_10148.jpg,720,1280,352,280,468,609,p00021,20
images/P00021_10161.jpg,720,1280,254,272,364,589,p00021,20
images/P00021_10185.jpg,720,1280,294,260,427,524,p00021,20
images/P00021_10193.jpg,720,1280,378,250,491,526,p00021,20
images/P00021_10204.jpg,720,1280,471,256,610,526,p00021,20
images/P00021_10214.jpg,720,1280,590,252,692,521,p00021,20
images/P00021_10225.jpg,720,1280,687,256,792,516,p00021,20
images/P00021_10237.jpg,720,1280,800,254,899,513,p00021,20
images/P00021_10269.jpg,720,1280,894,276,991,592,p00021,20
images/P00021_10299.jpg,720,1280,1011,314,1132,718,p00021,20
images/P00021_10410.jpg,720,1280,168,298,303,700,p00021,20
images/P00021_10429.jpg,720,1280,216,274,340,608,p00021,20
images/P00021_10449.jpg,720,1280,252,260,359,556,p00021,20
images/P00021_10465.jpg,720,1280,340,252,442,530,p00021,20
images/P00021_10525.jpg,720,1280,846,269,948,554,p00021,20
images/P00021_10573.jpg,720,1280,1010,310,1128,714,p00021,20
images/P00021_10787.jpg,720,1280,519,300,674,709,p00021,20
images/P00021_10798.jpg,720,1280,635,292,774,653,p00021,20
images/P00021_10809.jpg,720,1280,754,280,867,621,p00021,20
images/P00021_10819.jpg,720,1280,851,282,955,601,p00021,20
images/P00021_10833.jpg,720,1280,900,280,1002,592,p00021,20
images/P00021_10844.jpg,720,1280,930,282,1034,592,p00021,20
images/P00021_10866.jpg,720,1280,1012,302,1139,673,p00021,20
images/P00021_10941.jpg,720,1280,870,300,1014,677,p00021,20
images/P00021_10950.jpg,720,1280,778,286,883,638,p00021,20
images/P00021_10962.jpg,720,1280,628,277,750,606,p00021,20
images/P00021_10976.jpg,720,1280,510,260,606,560,p00021,20
images/P00021_11011.jpg,720,1280,296,252,387,513,p00021,20
images/P00021_11047.jpg,720,1280,232,266,335,570,p00021,20
images/P00021_11144.jpg,720,1280,611,286,744,664,p00021,20
images/P00021_11279.jpg,720,1280,608,260,699,532,p00021,20
images/P00021_11298.jpg,720,1280,686,265,819,570,p00021,20
images/P00021_11309.jpg,720,1280,615,268,744,585,p00021,20
images/P00021_11322.jpg,720,1280,486,272,628,593,p00021,20
images/P00021_11338.jpg,720,1280,426,281,552,637,p00021,20
images/P00021_11356.jpg,720,1280,542,289,679,657,p00021,20
images/P00021_11372.jpg,720,1280,730,297,859,676,p00021,20
images/P00021_11397.jpg,720,1280,899,317,1058,716,p00021,20
images/P00021_11469.jpg,720,1280,342,304,479,716,p00021,20
images/P00022_10141.jpg,720,1280,160,314,299,720,p00022,21
images/P00022_10152.jpg,720,1280,187,301,323,666,p00022,21
images/P00022_10154.jpg,720,1280,212,294,330,637,p00022,21
images/P00022_10164.jpg,720,1280,235,278,344,597,p00022,21
images/P00022_10181.jpg,720,1280,286,264,390,544,p00022,21
images/P00022_10184.jpg,720,1280,304,264,398,536,p00022,21
images/P00022_10190.jpg,720,1280,327,265,446,518,p00022,21
images/P00022_10192.jpg,720,1280,336,261,446,521,p00022,21
images/P00022_10200.jpg,720,1280,408,258,507,517,p00022,21
images/P00022_10211.jpg,720,1280,483,260,588,522,p00022,21
images/P00022_10212.jpg,720,1280,486,260,590,521,p00022,21
images/P00022_10224.jpg,720,1280,604,256,692,514,p00022,21
images/P00022_10230.jpg,720,1280,646,260,732,520,p00022,21
images/P00022_10240.jpg,720,1280,743,257,820,517,p00022,21
images/P00022_10272.jpg,720,1280,894,278,987,580,p00022,21
images/P00022_10291.jpg,720,1280,938,296,1055,633,p00022,21
images/P00022_10298.jpg,720,1280,967,302,1082,664,p00022,21
images/P00022_10394.jpg,720,1280,163,312,304,716,p00022,21
images/P00022_10400.jpg,720,1280,196,308,318,698,p00022,21
images/P00022_10406.jpg,720,1280,206,302,328,664,p00022,21
images/P00022_10410.jpg,720,1280,216,292,334,637,p00022,21
images/P00022_10422.jpg,720,1280,243,278,348,594,p00022,21
images/P00022_10442.jpg,720,1280,290,265,392,537,p00022,21
images/P00022_10452.jpg,720,1280,323,261,424,518,p00022,21
images/P00022_10515.jpg,720,1280,794,261,895,517,p00022,21
images/P00022_10543.jpg,720,1280,878,274,978,569,p00022,21
images/P00022_10545.jpg,720,1280,884,278,978,580,p00022,21
images/P00022_10569.jpg,720,1280,960,301,1067,657,p00022,21
images/P00022_10635.jpg,720,1280,852,322,1000,713,p00022,21
images/P00022_10648.jpg,720,1280,666,309,811,685,p00022,21
images/P00022_10657.jpg,720,1280,587,296,720,649,p00022,21
images/P00022_10666.jpg,720,1280,512,288,631,622,p00022,21
images/P00022_10677.jpg,720,1280,448,273,552,572,p00022,21
images/P00023_10000.jpg,720,1280,1022,317,1163,720,p00023,22
images/P00023_10019.jpg,720,1280,818,310,935,714,p00023,22
images/P00023_10069.jpg,720,1280,175,301,318,718,p00023,22
images/P00023_10080.jpg,720,1280,187,286,327,656,p00023,22
images/P00023_10092.jpg,720,1280,236,269,347,593,p00023,22
images/P00023_10105.jpg,720,1280,266,262,367,545,p00023,22
images/P00023_10117.jpg,720,1280,310,250,388,508,p00023,22
images/P00023_10135.jpg,720,1280,414,249,531,521,p00023,22
images/P00023_10144.jpg,720,1280,502,250,619,518,p00023,22
images/P00023_10151.jpg,720,1280,576,253,696,516,p00023,22
images/P00023_10160.jpg,720,1280,660,256,796,498,p00023,22
images/P00023_10167.jpg,720,1280,751,254,835,498,p00023,22
images/P00023_10178.jpg,720,1280,811,256,918,521,p00023,22
images/P00023_10189.jpg,720,1280,859,261,958,549,p00023,22
images/P00023_10203.jpg,720,1280,902,274,1010,605,p00023,22
images/P00023_10216.jpg,720,1280,954,289,1078,654,p00023,22
images/P00023_10230.jpg,720,1280,976,304,1124,697,p00023,22
images/P00023_10293.jpg,720,1280,178,297,312,698,p00023,22
images/P00023_10306.jpg,720,1280,203,285,327,641,p00023,22
images/P00023_10322.jpg,720,1280,236,261,347,570,p00023,22
images/P00023_10327.jpg,720,1280,258,265,352,558,p00023,22
images/P00023_10343.jpg,720,1280,311,249,408,508,p00023,22
images/P00023_10487.jpg,720,1280,840,312,1026,716,p00023,22
images/P00023_10497.jpg,720,1280,754,297,898,686,p00023,22
images/P00023_10505.jpg,720,1280,647,288,804,650,p00023,22
images/P00023_10513.jpg,720,1280,568,280,702,626,p00023,22
images/P00023_10522.jpg,720,1280,498,269,620,585,p00023,22
images/P00023_10535.jpg,720,1280,391,252,511,541,p00023,22
images/P00023_10549.jpg,720,1280,343,252,450,508,p00023,22
images/P00023_10566.jpg,720,1280,306,250,395,512,p00023,22
images/P00023_10596.jpg,720,1280,548,257,650,502,p00023,22
images/P00023_10608.jpg,720,1280,682,248,751,501,p00023,22
images/P00023_10616.jpg,720,1280,747,246,831,502,p00023,22
images/P00023_10638.jpg,720,1280,795,258,880,516,p00023,22
images/P00023_10649.jpg,720,1280,756,257,860,536,p00023,22
images/P00023_10659.jpg,720,1280,692,257,800,562,p00023,22
images/P00023_10669.jpg,720,1280,624,266,728,588,p00023,22
images/P00023_10701.jpg,720,1280,287,302,398,708,p00023,22
images/P00023_10709.jpg,720,1280,192,306,335,718,p00023,22
images/P00023_10743.jpg,720,1280,480,289,630,684,p00023,22
images/P00023_10754.jpg,720,1280,458,276,599,633,p00023,22
images/P00023_10769.jpg,720,1280,406,262,512,577,p00023,22
images/P00023_10810.jpg,720,1280,683,253,812,529,p00023,22
images/P00023_10835.jpg,720,1280,816,273,954,608,p00023,22
images/P00023_10863.jpg,720,1280,848,305,995,713,p00023,22
images/P00024_10069.jpg,720,1280,988,310,1119,697,p00024,23
images/P00024_10081.jpg,720,1280,946,294,1078,654,p00024,23
images/P00024_10115.jpg,720,1280,836,262,919,552,p00024,23
images/P00024_10133.jpg,720,1280,712,258,819,510,p00024,23
images/P00024_10150.jpg,720,1280,558,253,668,506,p00024,23
images/P00024_10218.jpg,720,1280,248,285,355,645,p00024,23
images/P00024_10237.jpg,720,1280,214,310,338,718,p00024,23
images/P00024_10292.jpg,720,1280,392,305,543,704,p00024,23
images/P00024_10304.jpg,720,1280,484,292,591,662,p00024,23
images/P00024_10359.jpg,720,1280,600,281,699,594,p00024,23
images/P00024_10381.jpg,720,1280,630,272,699,593,p00024,23
images/P00024_10406.jpg,720,1280,682,269,760,564,p00024,23
images/P00024_10422.jpg,720,1280,748,262,850,536,p00024,23
images/P00024_10444.jpg,720,1280,759,257,883,517,p00024,23
images/P00024_10460.jpg,720,1280,743,260,846,533,p00024,23
images/P00024_10485.jpg,720,1280,602,277,715,606,p00024,23
images/P00024_10496.jpg,720,1280,526,285,643,637,p00024,23
images/P00024_10505.jpg,720,1280,436,297,564,673,p00024,23
images/P00024_10515.jpg,720,1280,336,305,482,701,p00024,23
images/P00024_10602.jpg,720,1280,995,314,1130,700,p00024,23
images/P00024_10618.jpg,720,1280,955,297,1062,650,p00024,23
images/P00024_10632.jpg,720,1280,919,282,1011,593,p00024,23
images/P00024_10648.jpg,720,1280,863,269,955,562,p00024,23
images/P00024_10668.jpg,720,1280,803,254,883,521,p00024,23
images/P00024_10690.jpg,720,1280,655,256,758,502,p00024,23
images/P00024_10709.jpg,720,1280,514,250,624,513,p00024,23
images/P00024_10734.jpg,720,1280,356,256,459,517,p00024,23
images/P00024_10759.jpg,720,1280,268,268,366,570,p00024,23
images/P00024_10840.jpg,720,1280,339,324,468,720,p00024,23
images/P00024_10847.jpg,720,1280,390,328,513,720,p00024,23
images/P00024_10861.jpg,720,1280,603,324,705,720,p00024,23
images/P00024_10872.jpg,720,1280,731,325,869,720,p00024,23
images/P00024_10985.jpg,720,1280,550,273,670,598,p00024,23
images/P00024_10999.jpg,720,1280,498,266,587,576,p00024,23
images/P00024_11010.jpg,720,1280,432,262,530,544,p00024,23
images/P00024_11022.jpg,720,1280,388,257,459,534,p00024,23
images/P00024_11035.jpg,720,1280,343,257,431,522,p00024,23
images/P00024_11047.jpg,720,1280,331,254,403,524,p00024,23
images/P00024_11057.jpg,720,1280,332,254,435,528,p00024,23
images/P00024_11075.jpg,720,1280,358,261,455,549,p00024,23
images/P00024_11091.jpg,720,1280,434,269,532,568,p00024,23
images/P00024_11104.jpg,720,1280,518,276,632,596,p00024,23
images/P00024_11113.jpg,720,1280,578,278,707,606,p00024,23
images/P00024_11122.jpg,720,1280,628,278,758,617,p00024,23
images/P00024_11134.jpg,720,1280,718,292,830,636,p00024,23
images/P00024_11151.jpg,720,1280,758,285,840,629,p00024,23
images/P00024_11160.jpg,720,1280,751,282,844,621,p00024,23
images/P00024_11176.jpg,720,1280,763,274,859,589,p00024,23
images/P00024_11198.jpg,720,1280,627,262,730,548,p00024,23
images/P00024_11216.jpg,720,1280,516,257,603,537,p00024,23
images/P00024_11235.jpg,720,1280,448,269,556,570,p00024,23
images/P00024_11255.jpg,720,1280,554,276,684,593,p00024,23
images/P00024_11305.jpg,720,1280,780,300,920,685,p00024,23
images/P00024_11310.jpg,720,1280,755,304,890,685,p00024,23
images/P00024_11324.jpg,720,1280,654,292,751,666,p00024,23
images/P00024_11336.jpg,720,1280,582,286,706,626,p00024,23
images/P00024_11346.jpg,720,1280,571,282,672,608,p00024,23
images/P00024_11451.jpg,720,1280,476,266,571,552,p00024,23
images/P00024_11480.jpg,720,1280,684,278,790,602,p00024,23
images/P00025_10081.jpg,720,1280,1002,300,1147,702,p00025,24
images/P00025_10092.jpg,720,1280,963,289,1100,654,p00025,24
images/P00025_10105.jpg,720,1280,914,269,1016,588,p00025,24
images/P00025_10117.jpg,720,1280,884,264,984,560,p00025,24
images/P00025_10135.jpg,720,1280,820,252,896,514,p00025,24
images/P00025_10149.jpg,720,1280,694,249,803,512,p00025,24
images/P00025_10167.jpg,720,1280,530,246,627,516,p00025,24
images/P00025_10173.jpg,720,1280,450,248,579,517,p00025,24
images/P00025_10186.jpg,720,1280,368,249,451,514,p00025,24
images/P00025_10199.jpg,720,1280,280,256,375,541,p00025,24
images/P00025_10217.jpg,720,1280,242,266,351,598,p00025,24
images/P00025_10237.jpg,720,1280,187,288,316,674,p00025,24
images/P00025_10240.jpg,720,1280,174,290,304,692,p00025,24
images/P00025_10355.jpg,720,1280,979,292,1103,641,p00025,24
images/P00025_10368.jpg,720,1280,924,276,1039,608,p00025,24
images/P00025_10393.jpg,720,1280,871,261,970,536,p00025,24
images/P00025_10430.jpg,720,1280,651,250,766,516,p00025,24
images/P00025_10446.jpg,720,1280,559,250,620,517,p00025,24
images/P00025_10459.jpg,720,1280,423,252,538,516,p00025,24
images/P00025_10475.jpg,720,1280,315,252,432,520,p00025,24
images/P00025_10530.jpg,720,1280,191,286,316,672,p00025,24
images/P00025_10599.jpg,720,1280,350,292,456,704,p00025,24
images/P00025_10612.jpg,720,1280,459,282,587,674,p00025,24
images/P00025_10625.jpg,720,1280,548,273,656,626,p00025,24
images/P00025_10639.jpg,720,1280,632,264,728,592,p00025,24
images/P00025_10657.jpg,720,1280,708,258,798,549,p00025,24
images/P00025_10667.jpg,720,1280,748,253,839,536,p00025,24
images/P00025_10673.jpg,720,1280,756,256,855,528,p00025,24
images/P00025_10687.jpg,720,1280,806,249,874,504,p00025,24
images/P00025_10791.jpg,720,1280,302,286,442,684,p00025,24
images/P00025_10953.jpg,720,1280,823,297,990,696,p00025,24
images/P00025_10965.jpg,720,1280,728,281,839,646,p00025,24
images/P00025_10970.jpg,720,1280,638,278,792,640,p00025,24
images/P00025_11011.jpg,720,1280,364,250,454,541,p00025,24
images/P00025_11024.jpg,720,1280,316,246,412,524,p00025,24
images/P00025_11045.jpg,720,1280,308,252,411,530,p00025,24
images/P00025_11058.jpg,720,1280,376,257,486,557,p00025,24
images/P00025_11070.jpg,720,1280,490,256,583,573,p00025,24
images/P00025_11085.jpg,720,1280,598,268,714,604,p00025,24
images/P00025_11095.jpg,720,1280,700,274,798,624,p00025,24
images/P00025_11099.jpg,720,1280,739,277,874,625,p00025,24
images/P00025_11112.jpg,720,1280,836,293,967,672,p00025,24
images/P00025_11130.jpg,720,1280,994,302,1106,702,p00025,24
images/P00025_11143.jpg,720,1280,999,305,1130,706,p00025,24
images/P00025_11159.jpg,720,1280,943,288,1055,656,p00025,24
images/P00025_11174.jpg,720,1280,880,274,991,610,p00025,24
images/P00025_11189.jpg,720,1280,819,260,915,557,p00025,24
images/P00025_11206.jpg,720,1280,707,249,778,524,p00025,24
images/P00025_11221.jpg,720,1280,575,249,662,518,p00025,24
images/P00025_11235.jpg,720,1280,428,252,543,529,p00025,24
images/P00025_11250.jpg,720,1280,344,258,436,561,p00025,24
images/P00025_11268.jpg,720,1280,255,273,374,626,p00025,24
images/P00025_11281.jpg,720,1280,238,292,363,684,p00025,24
